INSERT INTO "public".categorie( idcategorie, nomcategorie ) VALUES ( 1, 'Homme');
INSERT INTO "public".categorie( idcategorie, nomcategorie ) VALUES ( 2, 'Femme');
INSERT INTO "public".categorie( idcategorie, nomcategorie ) VALUES ( 3, 'Junior');
INSERT INTO "public".categorie( idcategorie, nomcategorie ) VALUES ( 4, 'Senior');
INSERT INTO "public".equipe( idequipe, identifiant, nomequipe, "password" ) VALUES ( 1, 'equipe1', 'Equipe 1', '123');
INSERT INTO "public".equipe( idequipe, identifiant, nomequipe, "password" ) VALUES ( 2, 'equipe2', 'Equipe 2', '123');
INSERT INTO "public".equipe( idequipe, identifiant, nomequipe, "password" ) VALUES ( 3, 'equipe3', 'Equipe 3', '123');
INSERT INTO "public".etape( idetape, nometape, longueur, nbcoureur, rang, rangpoints ) VALUES ( 1, 'Etape de Betsizaraina', 30.50, 2, 1, '{10,6,4,2,1}');
INSERT INTO "public".etape( idetape, nometape, longueur, nbcoureur, rang, rangpoints ) VALUES ( 3, 'Etape d''Ampasimbe', 35, 1, 3, '{10,8,6,5,4}');
INSERT INTO "public".etape( idetape, nometape, longueur, nbcoureur, rang, rangpoints ) VALUES ( 2, 'Etape de Vatomandry', 45, 2, 2, '{12,10,8,6,4}');
INSERT INTO "public".etapepoints( idetapepoints, idetape, rang, points ) VALUES ( 16, 1, 1, 10);
INSERT INTO "public".etapepoints( idetapepoints, idetape, rang, points ) VALUES ( 17, 1, 2, 6);
INSERT INTO "public".etapepoints( idetapepoints, idetape, rang, points ) VALUES ( 18, 1, 3, 4);
INSERT INTO "public".etapepoints( idetapepoints, idetape, rang, points ) VALUES ( 19, 1, 4, 2);
INSERT INTO "public".etapepoints( idetapepoints, idetape, rang, points ) VALUES ( 20, 1, 5, 1);
INSERT INTO "public".etapepoints( idetapepoints, idetape, rang, points ) VALUES ( 21, 2, 1, 12);
INSERT INTO "public".etapepoints( idetapepoints, idetape, rang, points ) VALUES ( 22, 2, 2, 10);
INSERT INTO "public".etapepoints( idetapepoints, idetape, rang, points ) VALUES ( 23, 2, 3, 8);
INSERT INTO "public".etapepoints( idetapepoints, idetape, rang, points ) VALUES ( 24, 2, 4, 6);
INSERT INTO "public".etapepoints( idetapepoints, idetape, rang, points ) VALUES ( 25, 2, 5, 4);
INSERT INTO "public".etapepoints( idetapepoints, idetape, rang, points ) VALUES ( 26, 3, 1, 10);
INSERT INTO "public".etapepoints( idetapepoints, idetape, rang, points ) VALUES ( 27, 3, 2, 8);
INSERT INTO "public".etapepoints( idetapepoints, idetape, rang, points ) VALUES ( 28, 3, 3, 6);
INSERT INTO "public".etapepoints( idetapepoints, idetape, rang, points ) VALUES ( 29, 3, 4, 5);
INSERT INTO "public".etapepoints( idetapepoints, idetape, rang, points ) VALUES ( 30, 3, 5, 4);
INSERT INTO "public".migrations( id, migration, batch ) VALUES ( 1, '0001_01_01_000000_create_users_table', 1);
INSERT INTO "public".migrations( id, migration, batch ) VALUES ( 2, '0001_01_01_000001_create_cache_table', 1);
INSERT INTO "public".migrations( id, migration, batch ) VALUES ( 3, '0001_01_01_000002_create_jobs_table', 1);
INSERT INTO "public".sessions( id, user_id, ip_address, user_agent, payload, last_activity ) VALUES ( 'VJBdZOn61SuwABVJJQBum0jlVYDnQUj42Jg5GzUK', null, '127.0.0.1', 'Mozilla/5.0 (Windows NT 10.0; Win64; x64) AppleWebKit/537.36 (KHTML, like Gecko) Chrome/125.0.0.0 Safari/537.36', 'YTozOntzOjY6Il90b2tlbiI7czo0MDoiYTBQMjFnOTdaVndHckNVQ1l5cVpXS3FBU2ZCMUhieVh3OE5zQnpsVSI7czo5OiJfcHJldmlvdXMiO2E6MTp7czozOiJ1cmwiO3M6Mjc6Imh0dHA6Ly8xMjcuMC4wLjE6ODAwMC9sb2dpbiI7fXM6NjoiX2ZsYXNoIjthOjI6e3M6Mzoib2xkIjthOjA6e31zOjM6Im5ldyI7YTowOnt9fX0=', 1717267354);
INSERT INTO "public".sessions( id, user_id, ip_address, user_agent, payload, last_activity ) VALUES ( 'Ci6xOmSms4WW1xk6ozinPXaP0vjbsIghb1nZAjGH', null, '127.0.0.1', 'Mozilla/5.0 (Windows NT 10.0; Win64; x64) AppleWebKit/537.36 (KHTML, like Gecko) Chrome/125.0.0.0 Safari/537.36', 'YTozOntzOjY6Il90b2tlbiI7czo0MDoiWjlrMmJPTVhFWEFFblNIVWZPMlNrNTA2aXdSQkkwaDZJUWlnUW5WUCI7czo5OiJfcHJldmlvdXMiO2E6MTp7czozOiJ1cmwiO3M6MjE6Imh0dHA6Ly8xMjcuMC4wLjE6ODAwMCI7fXM6NjoiX2ZsYXNoIjthOjI6e3M6Mzoib2xkIjthOjA6e31zOjM6Im5ldyI7YTowOnt9fX0=', 1717309300);
INSERT INTO "public".users( id, name, email, email_verified_at, "password", status, remember_token, created_at, updated_at ) VALUES ( 1, 'admin', 'admin@gmail.com', null, '$2y$12$LqVfgHNYrlZ8DQE94W7eY.oqSYs3c86xaiCx5TpLtkl9mUOmzqbCu', 'admin', null, '2024-06-01 06:10:18 AM', '2024-06-01 06:10:18 AM');
INSERT INTO "public".users( id, name, email, email_verified_at, "password", status, remember_token, created_at, updated_at ) VALUES ( 2, 'Equipe 1', 'equipe1@gmail.com', null, '$2y$12$VCzzuf8tyiC7qSdc9Ynmk.fl2MCVDXFQFXCzQgUhDbLrndKvqDpgm', 'user', null, '2024-06-01 08:44:02 AM', '2024-06-01 08:44:02 AM');
INSERT INTO "public".users( id, name, email, email_verified_at, "password", status, remember_token, created_at, updated_at ) VALUES ( 3, 'Equipe 2', 'equipe2@gmail.com', null, '$2y$12$B7EjY6/BtGybPACkSU2VNuK85I55kKEEiF83FYdmv4EDgbieVc9wi', 'user', null, '2024-06-01 08:44:33 AM', '2024-06-01 08:44:33 AM');
INSERT INTO "public".users( id, name, email, email_verified_at, "password", status, remember_token, created_at, updated_at ) VALUES ( 4, 'Equipe 3', 'equipe3@gmail.com', null, '$2y$12$BFK.1Fn4i/WHlWyulQhXB.Zd3spvRP5ybqV8ZDZhpaGXcR3UxHday', 'user', null, '2024-06-01 08:45:52 AM', '2024-06-01 08:45:52 AM');
INSERT INTO "public".coureur( idcoureur, nomcoureur, numero, genre, datenaisance, idequipe ) VALUES ( 1, 'Lova', '1', 'M', '1990-01-01', 1);
INSERT INTO "public".coureur( idcoureur, nomcoureur, numero, genre, datenaisance, idequipe ) VALUES ( 2, 'Sabrina', '2', 'F', '1995-11-01', 1);
INSERT INTO "public".coureur( idcoureur, nomcoureur, numero, genre, datenaisance, idequipe ) VALUES ( 4, 'Vero', '12', 'F', '1990-06-01', 3);
INSERT INTO "public".coureur( idcoureur, nomcoureur, numero, genre, datenaisance, idequipe ) VALUES ( 6, 'Jill', '22', 'F', '1995-03-01', 3);
INSERT INTO "public".coureur( idcoureur, nomcoureur, numero, genre, datenaisance, idequipe ) VALUES ( 3, 'Justin', '11', 'M', '2006-05-01', 2);
INSERT INTO "public".coureur( idcoureur, nomcoureur, numero, genre, datenaisance, idequipe ) VALUES ( 5, 'John', '21', 'M', '1990-02-01', 2);
INSERT INTO "public".equipecoureur( idequipecoureur, idequipe, idcoureur ) VALUES ( 1, 1, 1);
INSERT INTO "public".equipecoureur( idequipecoureur, idequipe, idcoureur ) VALUES ( 2, 1, 2);
INSERT INTO "public".equipecoureur( idequipecoureur, idequipe, idcoureur ) VALUES ( 3, 2, 3);
INSERT INTO "public".equipecoureur( idequipecoureur, idequipe, idcoureur ) VALUES ( 4, 2, 4);
INSERT INTO "public".equipecoureur( idequipecoureur, idequipe, idcoureur ) VALUES ( 5, 3, 5);
INSERT INTO "public".equipecoureur( idequipecoureur, idequipe, idcoureur ) VALUES ( 6, 3, 6);
INSERT INTO "public".etapecoureur( idetapecoureur, idetape, idcoureur ) VALUES ( 1, 1, 1);
INSERT INTO "public".etapecoureur( idetapecoureur, idetape, idcoureur ) VALUES ( 2, 1, 2);
INSERT INTO "public".etapecoureur( idetapecoureur, idetape, idcoureur ) VALUES ( 5, 3, 1);
INSERT INTO "public".etapecoureur( idetapecoureur, idetape, idcoureur ) VALUES ( 11, 2, 1);
INSERT INTO "public".etapecoureur( idetapecoureur, idetape, idcoureur ) VALUES ( 12, 2, 2);
INSERT INTO "public".etapecoureur( idetapecoureur, idetape, idcoureur ) VALUES ( 13, 1, 3);
INSERT INTO "public".etapecoureur( idetapecoureur, idetape, idcoureur ) VALUES ( 14, 1, 5);
INSERT INTO "public".etapecoureur( idetapecoureur, idetape, idcoureur ) VALUES ( 15, 2, 3);
INSERT INTO "public".etapecoureur( idetapecoureur, idetape, idcoureur ) VALUES ( 16, 2, 5);
INSERT INTO "public".etapecoureur( idetapecoureur, idetape, idcoureur ) VALUES ( 17, 3, 3);
INSERT INTO "public".etapecoureur( idetapecoureur, idetape, idcoureur ) VALUES ( 18, 1, 4);
INSERT INTO "public".etapecoureur( idetapecoureur, idetape, idcoureur ) VALUES ( 19, 1, 6);
INSERT INTO "public".etapecoureur( idetapecoureur, idetape, idcoureur ) VALUES ( 20, 2, 4);
INSERT INTO "public".etapecoureur( idetapecoureur, idetape, idcoureur ) VALUES ( 21, 2, 6);
INSERT INTO "public".etapecoureur( idetapecoureur, idetape, idcoureur ) VALUES ( 22, 3, 4);
INSERT INTO "public".resultatcoureur( idresultatcoureur, idcoureur, idetape, heuredebut, heurefin, duree, lendemain ) VALUES ( 1, 1, 1, '16:22:47', '17:22:48', 3601, 0);
INSERT INTO "public".resultatcoureur( idresultatcoureur, idcoureur, idetape, heuredebut, heurefin, duree, lendemain ) VALUES ( 3, 2, 1, '17:33:13', '01:33:13', 28800, 1);
INSERT INTO "public".resultatcoureur( idresultatcoureur, idcoureur, idetape, heuredebut, heurefin, duree, lendemain ) VALUES ( 4, 3, 1, '16:22:47', '18:00:00', 5833, 0);
INSERT INTO "public".resultatcoureur( idresultatcoureur, idcoureur, idetape, heuredebut, heurefin, duree, lendemain ) VALUES ( 5, 5, 1, '18:00:00', '01:35:00', 27300, 1);
INSERT INTO "public".resultatcoureur( idresultatcoureur, idcoureur, idetape, heuredebut, heurefin, duree, lendemain ) VALUES ( 6, 1, 2, '01:34:00', '03:00:00', 5160, 0);
INSERT INTO "public".resultatcoureur( idresultatcoureur, idcoureur, idetape, heuredebut, heurefin, duree, lendemain ) VALUES ( 7, 2, 2, '03:01:00', '05:01:00', 7200, 0);
INSERT INTO "public".resultatcoureur( idresultatcoureur, idcoureur, idetape, heuredebut, heurefin, duree, lendemain ) VALUES ( 8, 3, 2, '01:36:00', '03:30:00', 6840, 0);
INSERT INTO "public".resultatcoureur( idresultatcoureur, idcoureur, idetape, heuredebut, heurefin, duree, lendemain ) VALUES ( 9, 5, 2, '03:31:00', '04:50:00', 4740, 0);
INSERT INTO "public".resultatcoureur( idresultatcoureur, idcoureur, idetape, heuredebut, heurefin, duree, lendemain ) VALUES ( 10, 1, 3, '05:01:01', '06:31:01', 5400, 0);
INSERT INTO "public".resultatcoureur( idresultatcoureur, idcoureur, idetape, heuredebut, heurefin, duree, lendemain ) VALUES ( 12, 3, 3, '04:50:01', '05:45:01', 3300, 0);